{
    "overall": 0.349,
    "attribute": 0.3463414634146341,
    "order": 0.43137254901960786,
    "object": 0.35784313725490197,
    "action": 0.29508196721311475,
    "direction": 0.3088235294117647
}